Articulo,Coste Unitario,Valor Unitario,INVERSION INDIVIDUAL,Total Invertido,Precio de venta CAJA,Venta deL Stock,INGREOS ESPERADOS,Stock,Cantidad Unitaria,Multiplicador Unitario,Imagen,color,Material,Marca,medidas piercing,formato,unidades de medida
Barbel,14,"0,7777777778",14,"3402,92",180,180,"17359,5",1,18,18,https://alkimia.es/4251-home_default/bbl-titanio-9-piezas-esterilizadas.jpg,Plata,Acero 316L,ALKIMIA,1.2x10,1 Caja,Caja
Ball Closure,14,"0,7777777778",28,"3402,92",180,360,"17359,5",2,18,36,https://alkimia.es/1580-home_default/bcr-18-piezas-esterilizadas.jpg,Plata,Acero 316L,ALKIMIA,1.2x10,2 Caja,Caja
Clicker,14,"0,7777777778",280,"3402,92",10,200,"17359,5",20,18,360,https://alkimia.es/1801-home_default/clicker.jpg,,Acero 316L,ALKIMIA,1x10,20 Unidad,Unidad
Circular Barbel,14,"0,7777777778",14,"3402,92",180,180,"17359,5",1,18,18,https://alkimia.es/4252-home_default/cbb-titanio-.jpg,Plata,Acero 316L,ALKIMIA,1.2x0.8,1 Caja,Caja
Labret,14,"0,7777777778",28,"3402,92",180,360,"17359,5",2,18,36,https://alkimia.es/1596-home_default/lab-.jpg,Plata,Acero 316L,ALKIMIA,1.2x0.6,2 Caja,Caja
Nabel,19,"1,0555555556",95,"3402,92",180,900,"17359,5",5,18,90,https://alkimia.es/4254-home_default/nbb-titanio-9-piezas-esterilizadas.jpg,Plata,Acero 316L,ALKIMIA,1.6x0.8,5 Caja,Caja
Nosetril Brillo,14,"0,7777777778",14,"3402,92",180,180,"17359,5",1,18,18,https://alkimia.es/4255-home_default/ins-titanio-9-piezas-esterilizadas.jpg,Plata,Acero 316L,ALKIMIA,1x0.7,1 Caja,Caja
Banana,14,"0,7777777778",28,"3402,92",180,360,"17359,5",2,18,36,https://alkimia.es/4253-home_default/ban-titanio-.jpg,Plata,Acero 316L,ALKIMIA,1.2x0.6,2 Caja,Caja
Nosetril Bola,14,"0,7777777778",28,"3402,92",180,360,"17359,5",2,18,36,https://alkimia.es/1586-home_default/ins-18-piezas-esterilizadas.jpg,Plata,Acero 316L,ALKIMIA,1x0.7,2 Caja,Caja
Aro Flexible,14,"0,7777777778",14,"3402,92",180,180,"17359,5",1,18,18,https://alkimia.es/1602-home_default/segment-18-piezas-esterilizadas.jpg,Dorado,Acero 316L,ALKIMIA,0.8x0.6,1 Caja,Caja
Labret con Joya-Bola,14,"0,7777777778",70,"3402,92",10,50,"17359,5",5,18,90,https://alkimia.es/1606-home_default/barra-con-joya-18-piezas-esterilizadas.jpg,,Acero 316L,ALKIMIA,1x10,5 Unidad,Unidad
Dilataciones Falsas con goimas,14,"0,7777777778",70,"3402,92",10,50,"17359,5",5,18,90,https://alkimia.es/1612-home_default/falsa-dilatacion-con-gomas-18-piezas-esterilizadas.jpg,,Acero 316L,ALKIMIA,1x10,5 Unidad,Unidad
Dilataciones falsas metalica,14,"0,7777777778",70,"3402,92",10,50,"17359,5",5,18,90,https://alkimia.es/1610-home_default/falsa-dilatacion-18-piezas-esterilizadas.jpg,,Acero 316L,ALKIMIA,1x10,5 Unidad,Unidad
Aro flexible,14,"0,7777777778",14,"3402,92",180,180,"17359,5",1,18,18,https://storage.googleapis.com/glide-prod.appspot.com/uploads-v2/kPILpmttsB4YMvuoabdi/pub/ZrCGV5Hr6Yj3vo7y9VHP.jpg,Negro,Acero 316L,ALKIMIA,0.8x0.6,1 Caja,Caja
Aro Flexible,14,"0,7777777778",70,"3402,92",10,50,"17359,5",5,18,90,https://storage.googleapis.com/glide-prod.appspot.com/uploads-v2/kPILpmttsB4YMvuoabdi/pub/ihun2JdCJQcDqdvAWyYP.jpg,Plata,Acero 316L,ALKIMIA,1x0.6,5 Caja,Caja
Aro Flexible,14,"0,7777777778",28,"3402,92",180,360,"17359,5",2,18,36,https://storage.googleapis.com/glide-prod.appspot.com/uploads-v2/kPILpmttsB4YMvuoabdi/pub/ihun2JdCJQcDqdvAWyYP.jpg,Plata,Acero 316L,ALKIMIA,0.8x0.6,2 Caja,Caja
Aro Flexible,14,"0,7777777778",28,"3402,92",180,360,"17359,5",2,18,36,https://storage.googleapis.com/glide-prod.appspot.com/uploads-v2/kPILpmttsB4YMvuoabdi/pub/ihun2JdCJQcDqdvAWyYP.jpg,Plata,Acero 316L,ALKIMIA,0.8x0.7,2 Caja,Caja
Aro Flexible,14,"0,7777777778",28,"3402,92",180,360,"17359,5",2,18,36,https://storage.googleapis.com/glide-prod.appspot.com/uploads-v2/kPILpmttsB4YMvuoabdi/pub/ihun2JdCJQcDqdvAWyYP.jpg,Plata,Acero 316L,ALKIMIA,0.8x0.8,2 Caja,Caja
Aro Flexible,14,"0,7777777778",28,"3402,92",180,360,"17359,5",2,18,36,https://storage.googleapis.com/glide-prod.appspot.com/uploads-v2/kPILpmttsB4YMvuoabdi/pub/ihun2JdCJQcDqdvAWyYP.jpg,Plata,Acero 316L,ALKIMIA,0.8x0.9,2 Caja,Caja
Aro Flexible,14,"0,7777777778",84,"3402,92",180,1080,"17359,5",6,18,108,https://storage.googleapis.com/glide-prod.appspot.com/uploads-v2/kPILpmttsB4YMvuoabdi/pub/ihun2JdCJQcDqdvAWyYP.jpg,Plata,Acero 316L,ALKIMIA,0.8x10,6 Caja,Caja
Aro Flexible,14,"0,7777777778",14,"3402,92",180,180,"17359,5",1,18,18,https://storage.googleapis.com/glide-prod.appspot.com/uploads-v2/kPILpmttsB4YMvuoabdi/pub/ihun2JdCJQcDqdvAWyYP.jpg,Plata,Acero 316L,ALKIMIA,1x0.6,1 Caja,Caja
Aro Flexible,14,"0,7777777778",28,"3402,92",180,360,"17359,5",2,18,36,https://storage.googleapis.com/glide-prod.appspot.com/uploads-v2/kPILpmttsB4YMvuoabdi/pub/ihun2JdCJQcDqdvAWyYP.jpg,Plata,Acero 316L,ALKIMIA,1x10,2 Caja,Caja
Aro Flexible,14,"0,7777777778",28,"3402,92",180,360,"17359,5",2,18,36,https://storage.googleapis.com/glide-prod.appspot.com/uploads-v2/kPILpmttsB4YMvuoabdi/pub/ihun2JdCJQcDqdvAWyYP.jpg,Plata,Acero 316L,ALKIMIA,1.2x0.8,2 Caja,Caja
Aro Flexible,14,"0,7777777778",42,"3402,92",180,540,"17359,5",3,18,54,https://storage.googleapis.com/glide-prod.appspot.com/uploads-v2/kPILpmttsB4YMvuoabdi/pub/ihun2JdCJQcDqdvAWyYP.jpg,Plata,Acero 316L,ALKIMIA,1.2x10,3 Caja,Caja
Aro Flexible,14,"0,7777777778",28,"3402,92",180,360,"17359,5",2,18,36,https://storage.googleapis.com/glide-prod.appspot.com/uploads-v2/kPILpmttsB4YMvuoabdi/pub/ihun2JdCJQcDqdvAWyYP.jpg,Plata,Acero 316L,ALKIMIA,1.2x12,2 Caja,Caja
Aro flexible,14,"0,7777777778",14,"3402,92",180,180,"17359,5",1,18,18,https://storage.googleapis.com/glide-prod.appspot.com/uploads-v2/kPILpmttsB4YMvuoabdi/pub/ZrCGV5Hr6Yj3vo7y9VHP.jpg,Negro,Acero 316L,ALKIMIA,0.8x0.8,1 Caja,Caja
Aro Flexible,14,"0,7777777778",14,"3402,92",180,180,"17359,5",1,18,18,https://alkimia.es/1602-home_default/segment-18-piezas-esterilizadas.jpg,Dorado,Acero 316L,ALKIMIA,0.8x0.8,1 Caja,Caja
Circular Barbel,14,"0,7777777778",14,"3402,92",180,180,"17359,5",1,18,18,https://alkimia.es/4252-home_default/cbb-titanio-.jpg,Plata,Acero 316L,ALKIMIA,1.2x0.6,1 Caja,Caja
Nabel,19,"1,0555555556",19,"3402,92",180,180,"17359,5",1,18,18,https://storage.googleapis.com/glide-prod.appspot.com/uploads-v2/kPILpmttsB4YMvuoabdi/pub/b1rWxLLqy65tvw49jNHS.png,Dorado,Acero 316L,ALKIMIA,1.6x10,1 Caja,Caja
Labret,14,"0,7777777778",28,"3402,92",180,360,"17359,5",2,18,36,https://alkimia.es/1596-home_default/lab-.jpg,Plata,Acero 316L,ALKIMIA,1.2x0.8,2 Caja,Caja
Labret,14,"0,7777777778",28,"3402,92",180,360,"17359,5",2,18,36,https://storage.googleapis.com/glide-prod.appspot.com/uploads-v2/kPILpmttsB4YMvuoabdi/pub/LO9iYRpgV9dlyhlnf5iB.png,Negro,Acero 316L,ALKIMIA,1.2x0.8,2 Caja,Caja
Barbel,14,"0,7777777778",14,"3402,92",180,180,"17359,5",1,18,18,https://alkimia.es/4251-home_default/bbl-titanio-9-piezas-esterilizadas.jpg,Plata,Acero 316L,ALKIMIA,1.6x12,1 Caja,Caja
Barbel,14,"0,7777777778",14,"3402,92",180,180,"17359,5",1,18,18,https://alkimia.es/4251-home_default/bbl-titanio-9-piezas-esterilizadas.jpg,Plata,Acero 316L,ALKIMIA,1.6x14,1 Caja,Caja
Nosetril Bioplastico,14,"0,7777777778",28,"3402,92",180,360,"17359,5",2,18,36,https://alkimia.es/1586-home_default/ins-18-piezas-esterilizadas.jpg,Plata,PTFE,ALKIMIA,0.8x0.7,2 Caja,Caja
Aro flexible,"2,09","2,09","4,18","3402,92",10,20,"17359,5",2,1,2,https://storage.googleapis.com/glide-prod.appspot.com/uploads-v2/kPILpmttsB4YMvuoabdi/pub/5IChRi2y7GRFPmqwLO5x.jpg,Negro,Acero 316L,CRAZY-FACTORY,0.8x0.6,2 Unidad,Unidad
Aro flexible,"2,09","2,09","6,27","3402,92",10,30,"17359,5",3,1,3,https://storage.googleapis.com/glide-prod.appspot.com/uploads-v2/kPILpmttsB4YMvuoabdi/pub/V23Clp2AWwI5tMNXQPGm.jpg,Negro,Acero 316L,CRAZY-FACTORY,0.8x0.7,3 Unidad,Unidad
Aro flexible,"2,09","2,09","6,27","3402,92",10,30,"17359,5",3,1,3,https://storage.googleapis.com/glide-prod.appspot.com/uploads-v2/kPILpmttsB4YMvuoabdi/pub/V23Clp2AWwI5tMNXQPGm.jpg,Negro,Acero 316L,CRAZY-FACTORY,1x0.6,3 Unidad,Unidad
Aro flexible,"2,09","2,09","6,27","3402,92",10,30,"17359,5",3,1,3,https://storage.googleapis.com/glide-prod.appspot.com/uploads-v2/kPILpmttsB4YMvuoabdi/pub/V23Clp2AWwI5tMNXQPGm.jpg,Negro,Acero 316L,CRAZY-FACTORY,1x0.8,3 Unidad,Unidad
Aro flexible,"2,09","2,09","2,09","3402,92",10,10,"17359,5",1,1,1,https://storage.googleapis.com/glide-prod.appspot.com/uploads-v2/kPILpmttsB4YMvuoabdi/pub/V23Clp2AWwI5tMNXQPGm.jpg,Negro,Acero 316L,CRAZY-FACTORY,1x10,1 Unidad,Unidad
Aro flexible,"2,09","2,09","2,09","3402,92",10,10,"17359,5",1,1,1,https://storage.googleapis.com/glide-prod.appspot.com/uploads-v2/kPILpmttsB4YMvuoabdi/pub/V23Clp2AWwI5tMNXQPGm.jpg,Negro,Acero 316L,CRAZY-FACTORY,1.2x0.6,1 Unidad,Unidad
Aro flexible,"2,09","2,09","4,18","3402,92",10,20,"17359,5",2,1,2,https://storage.googleapis.com/glide-prod.appspot.com/uploads-v2/kPILpmttsB4YMvuoabdi/pub/V23Clp2AWwI5tMNXQPGm.jpg,Negro,Acero 316L,CRAZY-FACTORY,1.2x0.8,2 Unidad,Unidad
Aro flexible,"2,09","2,09","4,18","3402,92",10,20,"17359,5",2,1,2,https://storage.googleapis.com/glide-prod.appspot.com/uploads-v2/kPILpmttsB4YMvuoabdi/pub/V23Clp2AWwI5tMNXQPGm.jpg,Negro,Acero 316L,CRAZY-FACTORY,1.2x10,2 Unidad,Unidad
Aro flexible,"2,09","2,09","4,18","3402,92",10,20,"17359,5",2,1,2,https://storage.googleapis.com/glide-prod.appspot.com/uploads-v2/kPILpmttsB4YMvuoabdi/pub/V23Clp2AWwI5tMNXQPGm.jpg,Negro,Acero 316L,CRAZY-FACTORY,1.2x0.7,2 Unidad,Unidad
Aro Flexible,"2,09","2,09","8,36","3402,92",10,40,"17359,5",4,1,4,https://storage.googleapis.com/glide-prod.appspot.com/uploads-v2/kPILpmttsB4YMvuoabdi/pub/nIiT1MJ8B4XMyR0qzEpe.jpg,Plata,Acero 316L,CRAZY-FACTORY,0.8x0.6,4 Unidad,Unidad
Aro Flexible,"2,09","2,09","2,09","3402,92",10,10,"17359,5",1,1,1,https://storage.googleapis.com/glide-prod.appspot.com/uploads-v2/kPILpmttsB4YMvuoabdi/pub/nIiT1MJ8B4XMyR0qzEpe.jpg,Plata,Acero 316L,CRAZY-FACTORY,0.8x0.8,1 Unidad,Unidad
Aro Flexible,"2,09","2,09","16,72","3402,92",10,80,"17359,5",8,1,8,https://storage.googleapis.com/glide-prod.appspot.com/uploads-v2/kPILpmttsB4YMvuoabdi/pub/nIiT1MJ8B4XMyR0qzEpe.jpg,Plata,Acero 316L,CRAZY-FACTORY,1x0.7,8 Unidad,Unidad
Aro Flexible,"2,09","2,09","29,26","3402,92",10,140,"17359,5",14,1,14,https://storage.googleapis.com/glide-prod.appspot.com/uploads-v2/kPILpmttsB4YMvuoabdi/pub/nIiT1MJ8B4XMyR0qzEpe.jpg,Plata,Acero 316L,CRAZY-FACTORY,1x0.8,14 Unidad,Unidad
Aro Flexible,"4,2","4,2","12,6","3402,92",15,45,"17359,5",3,1,3,https://storage.googleapis.com/glide-prod.appspot.com/uploads-v2/kPILpmttsB4YMvuoabdi/pub/RqDbLF1Yr9BkuXrjCflN.jpg,Plata,Acero 316L,CRAZY-FACTORY,1.2x0.6,3 Unidad,Unidad
Aro Flexible,"4,2","4,2","12,6","3402,92",15,45,"17359,5",3,1,3,https://storage.googleapis.com/glide-prod.appspot.com/uploads-v2/kPILpmttsB4YMvuoabdi/pub/RqDbLF1Yr9BkuXrjCflN.jpg,Plata,Acero 316L,CRAZY-FACTORY,1.2x0.7,3 Unidad,Unidad
Aro Flexible,"2,09","2,09","6,27","3402,92",10,30,"17359,5",3,1,3,https://storage.googleapis.com/glide-prod.appspot.com/uploads-v2/kPILpmttsB4YMvuoabdi/pub/nIiT1MJ8B4XMyR0qzEpe.jpg,Plata,Acero 316L,CRAZY-FACTORY,1.2x0.6,3 Unidad,Unidad
Aro Flexible,"4,2","4,2",21,"3402,92",15,75,"17359,5",5,1,5,https://storage.googleapis.com/glide-prod.appspot.com/uploads-v2/kPILpmttsB4YMvuoabdi/pub/RqDbLF1Yr9BkuXrjCflN.jpg,Plata,Acero 316L,CRAZY-FACTORY,1.6x12,5 Unidad,Unidad
Aro Flexible,"2,89","2,89","2,89","3402,92",10,10,"17359,5",1,1,1,https://storage.googleapis.com/glide-prod.appspot.com/uploads-v2/kPILpmttsB4YMvuoabdi/pub/9sfQW0iu7Dc8ppRJpKIt.jpg,Dorado,Acero 316L,CRAZY-FACTORY,0.8x0.7,1 Unidad,Unidad
Aro Flexible,"2,89","2,89","14,45","3402,92",10,50,"17359,5",5,1,5,https://storage.googleapis.com/glide-prod.appspot.com/uploads-v2/kPILpmttsB4YMvuoabdi/pub/9sfQW0iu7Dc8ppRJpKIt.jpg,Dorado,Acero 316L,CRAZY-FACTORY,0.8x0.8,5 Unidad,Unidad
Aro Flexible,"2,89","2,89","14,45","3402,92",10,50,"17359,5",5,1,5,https://storage.googleapis.com/glide-prod.appspot.com/uploads-v2/kPILpmttsB4YMvuoabdi/pub/9sfQW0iu7Dc8ppRJpKIt.jpg,Dorado,Acero 316L,CRAZY-FACTORY,1x0.7,5 Unidad,Unidad
Aro Flexible,"2,89","2,89","14,45","3402,92",10,50,"17359,5",5,1,5,https://storage.googleapis.com/glide-prod.appspot.com/uploads-v2/kPILpmttsB4YMvuoabdi/pub/9sfQW0iu7Dc8ppRJpKIt.jpg,Dorado,Acero 316L,CRAZY-FACTORY,1x0.8,5 Unidad,Unidad
Aro Flexible,"2,89","2,89","8,67","3402,92",10,30,"17359,5",3,1,3,https://storage.googleapis.com/glide-prod.appspot.com/uploads-v2/kPILpmttsB4YMvuoabdi/pub/9sfQW0iu7Dc8ppRJpKIt.jpg,Dorado,Acero 316L,CRAZY-FACTORY,1.2x0.7,3 Unidad,Unidad
Aro Clicker,6,6,18,"3402,92",15,45,"17359,5",3,1,3,https://storage.googleapis.com/glide-prod.appspot.com/uploads-v2/kPILpmttsB4YMvuoabdi/pub/qOq9UJVjaN31OLuQVrq8.jpg,Dorado,Acero 316L,CRAZY-FACTORY,1x0.6,3 Unidad,Unidad
Aro Clicker,6,6,6,"3402,92",15,15,"17359,5",1,1,1,https://storage.googleapis.com/glide-prod.appspot.com/uploads-v2/kPILpmttsB4YMvuoabdi/pub/qOq9UJVjaN31OLuQVrq8.jpg,Dorado,Acero 316L,CRAZY-FACTORY,1x0.8,1 Unidad,Unidad
Aro Clicker,6,6,6,"3402,92",15,15,"17359,5",1,1,1,https://storage.googleapis.com/glide-prod.appspot.com/uploads-v2/kPILpmttsB4YMvuoabdi/pub/qOq9UJVjaN31OLuQVrq8.jpg,Dorado,Acero 316L,CRAZY-FACTORY,1.2x10,1 Unidad,Unidad
Ball Closure,"2,6","2,6","7,8","3402,92",10,30,"17359,5",3,1,3,https://storage.googleapis.com/glide-prod.appspot.com/uploads-v2/kPILpmttsB4YMvuoabdi/pub/mO93CVZQulHpoCTlj7QG.jpg,Dorado,Acero 316L,CRAZY-FACTORY,1.2x0.6,3 Unidad,Unidad
Ball Closure,"2,6","2,6","7,8","3402,92",10,30,"17359,5",3,1,3,https://storage.googleapis.com/glide-prod.appspot.com/uploads-v2/kPILpmttsB4YMvuoabdi/pub/mO93CVZQulHpoCTlj7QG.jpg,Dorado,Acero 316L,CRAZY-FACTORY,1.2x0.8,3 Unidad,Unidad
Ball Closure,"1,8","1,8","5,4","3402,92",10,30,"17359,5",3,1,3,https://storage.googleapis.com/glide-prod.appspot.com/uploads-v2/kPILpmttsB4YMvuoabdi/pub/oBdqxcTENY0Ah0vWjIkc.jpg,Plata,Acero 316L,CRAZY-FACTORY,1.2x10,3 Unidad,Unidad
Ball Closure,"1,8","1,8",18,"3402,92",10,100,"17359,5",10,1,10,https://storage.googleapis.com/glide-prod.appspot.com/uploads-v2/kPILpmttsB4YMvuoabdi/pub/oBdqxcTENY0Ah0vWjIkc.jpg,Plata,Acero 316L,CRAZY-FACTORY,1.2x0.8,10 Unidad,Unidad
Circular Barbel,"4,8","4,8","9,6","3402,92",12,24,"17359,5",2,1,2,https://storage.googleapis.com/glide-prod.appspot.com/uploads-v2/kPILpmttsB4YMvuoabdi/pub/o4yLWe61bZlKvBFq9ULm.jpg,Dorado,Acero 316L,CRAZY-FACTORY,1.2x0.6,2 Unidad,Unidad
Circular Barbel,"4,8","4,8","14,4","3402,92",12,36,"17359,5",3,1,3,https://storage.googleapis.com/glide-prod.appspot.com/uploads-v2/kPILpmttsB4YMvuoabdi/pub/o4yLWe61bZlKvBFq9ULm.jpg,Dorado,Acero 316L,CRAZY-FACTORY,1.2x0.8,3 Unidad,Unidad
Circular Barbel,"4,8","4,8",24,"3402,92",12,60,"17359,5",5,1,5,https://storage.googleapis.com/glide-prod.appspot.com/uploads-v2/kPILpmttsB4YMvuoabdi/pub/o4yLWe61bZlKvBFq9ULm.jpg,Dorado,Acero 316L,CRAZY-FACTORY,1.2x0.7,5 Unidad,Unidad
Circular Barbel,"4,8","4,8","14,4","3402,92",12,36,"17359,5",3,1,3,https://storage.googleapis.com/glide-prod.appspot.com/uploads-v2/kPILpmttsB4YMvuoabdi/pub/o4yLWe61bZlKvBFq9ULm.jpg,Dorado,Acero 316L,CRAZY-FACTORY,1.2x10,3 Unidad,Unidad
Circular Barbel,"1,8","1,8","3,6","3402,92",12,24,"17359,5",2,1,2,https://storage.googleapis.com/glide-prod.appspot.com/uploads-v2/kPILpmttsB4YMvuoabdi/pub/P13lhjNWoLPSCkABClaK.jpg,Plata,Acero 316L,CRAZY-FACTORY,0.8x0.8,2 Unidad,Unidad
Circular Barbel,"1,8","1,8","14,4","3402,92",12,96,"17359,5",8,1,8,https://storage.googleapis.com/glide-prod.appspot.com/uploads-v2/kPILpmttsB4YMvuoabdi/pub/P13lhjNWoLPSCkABClaK.jpg,Plata,Acero 316L,CRAZY-FACTORY,1x0.7,8 Unidad,Unidad
Circular Barbel,"1,8","1,8","3,6","3402,92",12,24,"17359,5",2,1,2,https://storage.googleapis.com/glide-prod.appspot.com/uploads-v2/kPILpmttsB4YMvuoabdi/pub/P13lhjNWoLPSCkABClaK.jpg,Plata,Acero 316L,CRAZY-FACTORY,1.2x0.7,2 Unidad,Unidad
Circular Barbel,"1,8","1,8","14,4","3402,92",12,96,"17359,5",8,1,8,https://storage.googleapis.com/glide-prod.appspot.com/uploads-v2/kPILpmttsB4YMvuoabdi/pub/P13lhjNWoLPSCkABClaK.jpg,Plata,Acero 316L,CRAZY-FACTORY,1.2x0.9,8 Unidad,Unidad
Circular Barbel,"1,8","1,8","14,4","3402,92",12,96,"17359,5",8,1,8,https://storage.googleapis.com/glide-prod.appspot.com/uploads-v2/kPILpmttsB4YMvuoabdi/pub/P13lhjNWoLPSCkABClaK.jpg,Plata,Acero 316L,CRAZY-FACTORY,1.2x10,8 Unidad,Unidad
Circular Barbel Bolas 4mm,"1,8","1,8","16,2","3402,92",12,108,"17359,5",9,1,9,https://storage.googleapis.com/glide-prod.appspot.com/uploads-v2/kPILpmttsB4YMvuoabdi/pub/P13lhjNWoLPSCkABClaK.jpg,Plata,Acero 316L,CRAZY-FACTORY,1.2x10,9 Unidad,Unidad
Circular Barbel,"1,8","1,8","5,4","3402,92",12,36,"17359,5",3,1,3,https://storage.googleapis.com/glide-prod.appspot.com/uploads-v2/kPILpmttsB4YMvuoabdi/pub/P13lhjNWoLPSCkABClaK.jpg,Plata,Acero 316L,CRAZY-FACTORY,1.2x11,3 Unidad,Unidad
Labret Con Brillante,"4,1","4,1","8,2","3402,92",12,24,"17359,5",2,1,2,https://storage.googleapis.com/glide-prod.appspot.com/uploads-v2/kPILpmttsB4YMvuoabdi/pub/GaTBeMS2kMq0vtG8kGmc.jpg,Dorado,Acero 316L,CRAZY-FACTORY,1.2x0.8,2 Unidad,Unidad
Labret Con Brillante,"4,1","4,1","8,2","3402,92",12,24,"17359,5",2,1,2,https://storage.googleapis.com/glide-prod.appspot.com/uploads-v2/kPILpmttsB4YMvuoabdi/pub/GaTBeMS2kMq0vtG8kGmc.jpg,Dorado,Acero 316L,CRAZY-FACTORY,1.2x10,2 Unidad,Unidad
Labret Con Brillante,"4,1","4,1","4,1","3402,92",12,12,"17359,5",1,1,1,https://storage.googleapis.com/glide-prod.appspot.com/uploads-v2/kPILpmttsB4YMvuoabdi/pub/GaTBeMS2kMq0vtG8kGmc.jpg,Dorado,Acero 316L,CRAZY-FACTORY,1.2x0.6,1 Unidad,Unidad
Labret,"3,3","3,3","26,4","3402,92",10,80,"17359,5",8,1,8,https://storage.googleapis.com/glide-prod.appspot.com/uploads-v2/kPILpmttsB4YMvuoabdi/pub/WI8YznZa4wbWjfgJsoHL.jpg,Dorado,Acero 316L,CRAZY-FACTORY,1.2x0.6,8 Unidad,Unidad
Labret,"3,3","3,3","6,6","3402,92",10,20,"17359,5",2,1,2,https://storage.googleapis.com/glide-prod.appspot.com/uploads-v2/kPILpmttsB4YMvuoabdi/pub/WI8YznZa4wbWjfgJsoHL.jpg,Dorado,Acero 316L,CRAZY-FACTORY,1.2x0.8,2 Unidad,Unidad
Labret,"3,3","3,3","13,2","3402,92",10,40,"17359,5",4,1,4,https://storage.googleapis.com/glide-prod.appspot.com/uploads-v2/kPILpmttsB4YMvuoabdi/pub/WI8YznZa4wbWjfgJsoHL.jpg,Dorado,Acero 316L,CRAZY-FACTORY,1.2x10,4 Unidad,Unidad
Labret,"0,9","0,9","0,9","3402,92",10,10,"17359,5",1,1,1,https://storage.googleapis.com/glide-prod.appspot.com/uploads-v2/kPILpmttsB4YMvuoabdi/pub/ni3mKHXkpV9wdi5fXXg8.jpg,Plata,Acero 316L,CRAZY-FACTORY,1.2x0.6,1 Unidad,Unidad
Labret,"0,9","0,9","13,5","3402,92",10,150,"17359,5",15,1,15,https://storage.googleapis.com/glide-prod.appspot.com/uploads-v2/kPILpmttsB4YMvuoabdi/pub/ni3mKHXkpV9wdi5fXXg8.jpg,Plata,Acero 316L,CRAZY-FACTORY,1.2x0.8,15 Unidad,Unidad
Labret Titanio,"2,7","2,7",27,"3402,92",10,100,"17359,5",10,1,10,https://storage.googleapis.com/glide-prod.appspot.com/uploads-v2/kPILpmttsB4YMvuoabdi/pub/ni3mKHXkpV9wdi5fXXg8.jpg,Plata,Titanio,CRAZY-FACTORY,1.2x0.6,10 Unidad,Unidad
Labret Titanio,"2,7","2,7",27,"3402,92",10,100,"17359,5",10,1,10,https://storage.googleapis.com/glide-prod.appspot.com/uploads-v2/kPILpmttsB4YMvuoabdi/pub/ni3mKHXkpV9wdi5fXXg8.jpg,Plata,Titanio,CRAZY-FACTORY,1.2x0.8,10 Unidad,Unidad
Labret Titanio,"2,7","2,7","24,3","3402,92",10,90,"17359,5",9,1,9,https://storage.googleapis.com/glide-prod.appspot.com/uploads-v2/kPILpmttsB4YMvuoabdi/pub/ni3mKHXkpV9wdi5fXXg8.jpg,Plata,Titanio,CRAZY-FACTORY,1.2x10,9 Unidad,Unidad
Labret Titanio,"2,7","2,7","2,7","3402,92",10,10,"17359,5",1,1,1,https://storage.googleapis.com/glide-prod.appspot.com/uploads-v2/kPILpmttsB4YMvuoabdi/pub/ni3mKHXkpV9wdi5fXXg8.jpg,Plata,Titanio,CRAZY-FACTORY,1.2x12,1 Unidad,Unidad
Circular Barbel Negro ,"3,2","3,2","9,6","3402,92",12,36,"17359,5",3,1,3,https://storage.googleapis.com/glide-prod.appspot.com/uploads-v2/kPILpmttsB4YMvuoabdi/pub/4mwdFl5xynwecUUD1lQ8.jpg,Negro,Acero 316L,CRAZY-FACTORY,1.2x0.6,3 Unidad,Unidad
Circular Barbel Negro ,"3,2","3,2","12,8","3402,92",12,48,"17359,5",4,1,4,https://storage.googleapis.com/glide-prod.appspot.com/uploads-v2/kPILpmttsB4YMvuoabdi/pub/4mwdFl5xynwecUUD1lQ8.jpg,Negro,Acero 316L,CRAZY-FACTORY,1.2x0.8,4 Unidad,Unidad
Circular Barbel Negro con Bola 4mm,"3,2","3,2","12,8","3402,92",12,48,"17359,5",4,1,4,https://storage.googleapis.com/glide-prod.appspot.com/uploads-v2/kPILpmttsB4YMvuoabdi/pub/4mwdFl5xynwecUUD1lQ8.jpg,Negro,Acero 316L,CRAZY-FACTORY,1.2x10,4 Unidad,Unidad
Ball Closure Negro con bola de 2mm,2,2,4,"3402,92",10,20,"17359,5",2,1,2,https://storage.googleapis.com/glide-prod.appspot.com/uploads-v2/kPILpmttsB4YMvuoabdi/pub/hrl8DpRYcEaqYF5y5GrH.jpg,Negro,Acero 316L,CRAZY-FACTORY,1x0.8,2 Unidad,Unidad
Ball Closure Negro con bola de 4mm,2,2,6,"3402,92",10,30,"17359,5",3,1,3,https://storage.googleapis.com/glide-prod.appspot.com/uploads-v2/kPILpmttsB4YMvuoabdi/pub/hrl8DpRYcEaqYF5y5GrH.jpg,Negro,Acero 316L,CRAZY-FACTORY,1.2x0.7,3 Unidad,Unidad
Ball Closure Negro con bola de 4mm,2,2,6,"3402,92",10,30,"17359,5",3,1,3,https://storage.googleapis.com/glide-prod.appspot.com/uploads-v2/kPILpmttsB4YMvuoabdi/pub/hrl8DpRYcEaqYF5y5GrH.jpg,Negro,Acero 316L,CRAZY-FACTORY,1.2x0.8,3 Unidad,Unidad
Expansor Madera,"3,6","3,6",18,"3402,92",8,40,"17359,5",5,1,5,https://storage.googleapis.com/glide-prod.appspot.com/uploads-v2/kPILpmttsB4YMvuoabdi/pub/lQYq1NLhdN7w5nbSuDi2.jpg,Madera,Madera,CRAZY-FACTORY,3,5 Unidad,Unidad
Expansor Madera,"3,6","3,6","10,8","3402,92",8,24,"17359,5",3,1,3,https://storage.googleapis.com/glide-prod.appspot.com/uploads-v2/kPILpmttsB4YMvuoabdi/pub/lQYq1NLhdN7w5nbSuDi2.jpg,Madera,Madera,CRAZY-FACTORY,4,3 Unidad,Unidad
Expansor Madera,"3,6","3,6",18,"3402,92",8,40,"17359,5",5,1,5,https://storage.googleapis.com/glide-prod.appspot.com/uploads-v2/kPILpmttsB4YMvuoabdi/pub/lQYq1NLhdN7w5nbSuDi2.jpg,Madera,Madera,CRAZY-FACTORY,5,5 Unidad,Unidad
Expansor Madera,"3,6","3,6","14,4","3402,92",8,32,"17359,5",4,1,4,https://storage.googleapis.com/glide-prod.appspot.com/uploads-v2/kPILpmttsB4YMvuoabdi/pub/lQYq1NLhdN7w5nbSuDi2.jpg,Madera,Madera,CRAZY-FACTORY,6,4 Unidad,Unidad
Expansor Madera,"3,6","3,6","3,6","3402,92",8,8,"17359,5",1,1,1,https://storage.googleapis.com/glide-prod.appspot.com/uploads-v2/kPILpmttsB4YMvuoabdi/pub/lQYq1NLhdN7w5nbSuDi2.jpg,Madera,Madera,CRAZY-FACTORY,8,1 Unidad,Unidad
Expansor Madera,"3,6","3,6","10,8","3402,92",8,24,"17359,5",3,1,3,https://storage.googleapis.com/glide-prod.appspot.com/uploads-v2/kPILpmttsB4YMvuoabdi/pub/lQYq1NLhdN7w5nbSuDi2.jpg,Madera,Madera,CRAZY-FACTORY,10,3 Unidad,Unidad
Dilataciones Falsas,2,2,62,"3402,92","2,5","77,5","17359,5",31,1,31,https://storage.googleapis.com/glide-prod.appspot.com/uploads-v2/kPILpmttsB4YMvuoabdi/pub/TEYjmq4bSCVRsq9gP6z1.jpg,Acrilico de colores,Acrilico,CRAZY-FACTORY,1.2x0.8,31 Unidad,Unidad
Tunel Madera,6,6,12,"3402,92",8,16,"17359,5",2,1,2,https://storage.googleapis.com/glide-prod.appspot.com/uploads-v2/kPILpmttsB4YMvuoabdi/pub/7rIeRKTUyw2r8FrD3PZ8.jpg,Madera,Madera,CRAZY-FACTORY,3,2 Unidad,Unidad
Tunel Madera,6,6,12,"3402,92",8,16,"17359,5",2,1,2,https://storage.googleapis.com/glide-prod.appspot.com/uploads-v2/kPILpmttsB4YMvuoabdi/pub/7rIeRKTUyw2r8FrD3PZ8.jpg,Madera,Madera,CRAZY-FACTORY,4,2 Unidad,Unidad
Tunel Madera,6,6,12,"3402,92",8,16,"17359,5",2,1,2,https://storage.googleapis.com/glide-prod.appspot.com/uploads-v2/kPILpmttsB4YMvuoabdi/pub/7rIeRKTUyw2r8FrD3PZ8.jpg,Madera,Madera,CRAZY-FACTORY,5,2 Unidad,Unidad
Tunel Madera,6,6,12,"3402,92",8,16,"17359,5",2,1,2,https://storage.googleapis.com/glide-prod.appspot.com/uploads-v2/kPILpmttsB4YMvuoabdi/pub/7rIeRKTUyw2r8FrD3PZ8.jpg,Madera,Madera,CRAZY-FACTORY,6,2 Unidad,Unidad
Tunel Madera,6,6,12,"3402,92",8,16,"17359,5",2,1,2,https://storage.googleapis.com/glide-prod.appspot.com/uploads-v2/kPILpmttsB4YMvuoabdi/pub/7rIeRKTUyw2r8FrD3PZ8.jpg,Madera,Madera,CRAZY-FACTORY,14,2 Unidad,Unidad
Tunel Madera,6,6,24,"3402,92",8,32,"17359,5",4,1,4,https://storage.googleapis.com/glide-prod.appspot.com/uploads-v2/kPILpmttsB4YMvuoabdi/pub/7rIeRKTUyw2r8FrD3PZ8.jpg,Madera,Madera,CRAZY-FACTORY,16,4 Unidad,Unidad
Espiral Blanco,2,2,4,"3402,92",6,12,"17359,5",2,1,2,https://storage.googleapis.com/glide-prod.appspot.com/uploads-v2/kPILpmttsB4YMvuoabdi/pub/1oaS4amKSKAhmq9HrV3e.jpg,Acrilico de colores,Madera,CRAZY-FACTORY,3,2 Unidad,Unidad
Espiral Blanco,2,2,4,"3402,92",6,12,"17359,5",2,1,2,https://storage.googleapis.com/glide-prod.appspot.com/uploads-v2/kPILpmttsB4YMvuoabdi/pub/9mCDZSjXJBGzTqET2oNK.jpg,Acrilico de colores,Acrilico,CRAZY-FACTORY,4,2 Unidad,Unidad
Espiral Blanco,2,2,4,"3402,92",6,12,"17359,5",2,1,2,https://storage.googleapis.com/glide-prod.appspot.com/uploads-v2/kPILpmttsB4YMvuoabdi/pub/9mCDZSjXJBGzTqET2oNK.jpg,Acrilico de colores,Acrilico,CRAZY-FACTORY,5,2 Unidad,Unidad
Espiral Blanco,2,2,4,"3402,92",6,12,"17359,5",2,1,2,https://storage.googleapis.com/glide-prod.appspot.com/uploads-v2/kPILpmttsB4YMvuoabdi/pub/9mCDZSjXJBGzTqET2oNK.jpg,Acrilico de colores,Acrilico,CRAZY-FACTORY,6,2 Unidad,Unidad
Espiral Blanco,2,2,4,"3402,92",6,12,"17359,5",2,1,2,https://storage.googleapis.com/glide-prod.appspot.com/uploads-v2/kPILpmttsB4YMvuoabdi/pub/9mCDZSjXJBGzTqET2oNK.jpg,Acrilico de colores,Acrilico,CRAZY-FACTORY,12,2 Unidad,Unidad
Espiral Blanco,2,2,4,"3402,92",6,12,"17359,5",2,1,2,https://storage.googleapis.com/glide-prod.appspot.com/uploads-v2/kPILpmttsB4YMvuoabdi/pub/9mCDZSjXJBGzTqET2oNK.jpg,Acrilico de colores,Acrilico,CRAZY-FACTORY,14,2 Unidad,Unidad
Espiral Blanco,2,2,4,"3402,92",6,12,"17359,5",2,1,2,https://storage.googleapis.com/glide-prod.appspot.com/uploads-v2/kPILpmttsB4YMvuoabdi/pub/9mCDZSjXJBGzTqET2oNK.jpg,Acrilico de colores,Acrilico,CRAZY-FACTORY,16,2 Unidad,Unidad
Espiral Negro,2,2,4,"3402,92",6,12,"17359,5",2,1,2,https://storage.googleapis.com/glide-prod.appspot.com/uploads-v2/kPILpmttsB4YMvuoabdi/pub/3pJCuvpDcTukbfLrSRYi.jpg,Acrilico de colores,Acrilico,CRAZY-FACTORY,3,2 Unidad,Unidad
Espiral Negro,2,2,4,"3402,92",6,12,"17359,5",2,1,2,https://storage.googleapis.com/glide-prod.appspot.com/uploads-v2/kPILpmttsB4YMvuoabdi/pub/3pJCuvpDcTukbfLrSRYi.jpg,Acrilico de colores,Acrilico,CRAZY-FACTORY,4,2 Unidad,Unidad
Espiral Negro,2,2,4,"3402,92",6,12,"17359,5",2,1,2,https://storage.googleapis.com/glide-prod.appspot.com/uploads-v2/kPILpmttsB4YMvuoabdi/pub/3pJCuvpDcTukbfLrSRYi.jpg,Acrilico de colores,Acrilico,CRAZY-FACTORY,5,2 Unidad,Unidad
Espiral Negro,2,2,4,"3402,92",6,12,"17359,5",2,1,2,https://storage.googleapis.com/glide-prod.appspot.com/uploads-v2/kPILpmttsB4YMvuoabdi/pub/3pJCuvpDcTukbfLrSRYi.jpg,Acrilico de colores,Acrilico,CRAZY-FACTORY,6,2 Unidad,Unidad
Barbel Plata Titanio con Bola 4mm,"1,2","1,2","8,4","3402,92",12,84,"17359,5",7,1,7,https://alkimia.es/4251-home_default/bbl-titanio-9-piezas-esterilizadas.jpg,Plata,Titanio,CRAZY-FACTORY,1.2x0.8,7 Unidad,Unidad
Barbel Plata Titanio con Bola 4mm,"1,2","1,2","2,4","3402,92",12,24,"17359,5",2,1,2,https://alkimia.es/4251-home_default/bbl-titanio-9-piezas-esterilizadas.jpg,Plata,Titanio,CRAZY-FACTORY,1.2x10,2 Unidad,Unidad
Barbel Plata Titanio con Bola 4mm,"1,2","1,2",6,"3402,92",12,60,"17359,5",5,1,5,https://alkimia.es/4251-home_default/bbl-titanio-9-piezas-esterilizadas.jpg,Plata,Titanio,CRAZY-FACTORY,1.6x10,5 Unidad,Unidad
Barbel Plata Titanio con Bola 4mm,"1,2","1,2","4,8","3402,92",12,48,"17359,5",4,1,4,https://alkimia.es/4251-home_default/bbl-titanio-9-piezas-esterilizadas.jpg,Plata,Titanio,CRAZY-FACTORY,1.6x12,4 Unidad,Unidad
Barbel Plata Titanio con Bola 4mm,"1,2","1,2",6,"3402,92",12,60,"17359,5",5,1,5,https://alkimia.es/4251-home_default/bbl-titanio-9-piezas-esterilizadas.jpg,Plata,Titanio,CRAZY-FACTORY,1.6x14,5 Unidad,Unidad
Barbel Plata Titanio con Bola 5mm,"1,2","1,2","7,2","3402,92",12,72,"17359,5",6,1,6,https://alkimia.es/4251-home_default/bbl-titanio-9-piezas-esterilizadas.jpg,Plata,Titanio,CRAZY-FACTORY,1.6x14,6 Unidad,Unidad
Barbel Plata Titanio con Bola 5mm,"1,2","1,2","3,6","3402,92",12,36,"17359,5",3,1,3,https://alkimia.es/4251-home_default/bbl-titanio-9-piezas-esterilizadas.jpg,Plata,Titanio,CRAZY-FACTORY,1.6x15,3 Unidad,Unidad
Barbel Plata Titanio con Bola 5mm,"1,2","1,2","2,4","3402,92",12,24,"17359,5",2,1,2,https://alkimia.es/4251-home_default/bbl-titanio-9-piezas-esterilizadas.jpg,Plata,Titanio,CRAZY-FACTORY,1.6x16,2 Unidad,Unidad
Barbel Plata Titanio con Bola 5mm,"1,2","1,2","4,8","3402,92",12,48,"17359,5",4,1,4,https://alkimia.es/4251-home_default/bbl-titanio-9-piezas-esterilizadas.jpg,Plata,Titanio,CRAZY-FACTORY,1.6x19,4 Unidad,Unidad
Barbel Plata Titanio con Bola 5mm,"1,2","1,2",6,"3402,92",12,60,"17359,5",5,1,5,https://alkimia.es/4251-home_default/bbl-titanio-9-piezas-esterilizadas.jpg,Plata,Titanio,CRAZY-FACTORY,1.6x32,5 Unidad,Unidad
Barbel Plata Titanio con Bola 5mm,"1,2","1,2",6,"3402,92",12,60,"17359,5",5,1,5,https://alkimia.es/4251-home_default/bbl-titanio-9-piezas-esterilizadas.jpg,Plata,Titanio,CRAZY-FACTORY,1.6x35,5 Unidad,Unidad
Banana Dorado con Bolas de 3mm,"4,7","4,7","9,4","3402,92",10,20,"17359,5",2,1,2,https://storage.googleapis.com/glide-prod.appspot.com/uploads-v2/kPILpmttsB4YMvuoabdi/pub/gpq1xGWHWVyD0ximAFKV.jpg,Dorado,Acero 316L,CRAZY-FACTORY,1.2x10,2 Unidad,Unidad
Banana Plata con Bolas de 3mm,"1,2","1,2","8,4","3402,92",10,70,"17359,5",7,1,7,https://storage.googleapis.com/glide-prod.appspot.com/uploads-v2/kPILpmttsB4YMvuoabdi/pub/XoywxdifjuZspfNGYGFV.jpg,Plata,Acero 316L,CRAZY-FACTORY,1.2x0.7,7 Unidad,Unidad
Banana Plata con Bolas de 3mm,"1,2","1,2","4,8","3402,92",10,40,"17359,5",4,1,4,https://storage.googleapis.com/glide-prod.appspot.com/uploads-v2/kPILpmttsB4YMvuoabdi/pub/XoywxdifjuZspfNGYGFV.jpg,Plata,Acero 316L,CRAZY-FACTORY,1.2x0.8,4 Unidad,Unidad
Banana Plata con Bolas de 4mm,"1,2","1,2",12,"3402,92",10,100,"17359,5",10,1,10,https://storage.googleapis.com/glide-prod.appspot.com/uploads-v2/kPILpmttsB4YMvuoabdi/pub/XoywxdifjuZspfNGYGFV.jpg,Plata,Acero 316L,CRAZY-FACTORY,1.2x0.8,10 Unidad,Unidad
Banana Plata con Bolas de 5mm,"1,2","1,2",12,"3402,92",10,100,"17359,5",10,1,10,https://storage.googleapis.com/glide-prod.appspot.com/uploads-v2/kPILpmttsB4YMvuoabdi/pub/XoywxdifjuZspfNGYGFV.jpg,Plata,Acero 316L,CRAZY-FACTORY,1.2x0.8,10 Unidad,Unidad
Banana Plata con Bolas de 3mm,"1,2","1,2",12,"3402,92",10,100,"17359,5",10,1,10,https://storage.googleapis.com/glide-prod.appspot.com/uploads-v2/kPILpmttsB4YMvuoabdi/pub/XoywxdifjuZspfNGYGFV.jpg,Plata,Acero 316L,CRAZY-FACTORY,1.2x0.9,10 Unidad,Unidad
Banana Plata con Bolas de 3mm,"1,2","1,2",12,"3402,92",10,100,"17359,5",10,1,10,https://storage.googleapis.com/glide-prod.appspot.com/uploads-v2/kPILpmttsB4YMvuoabdi/pub/XoywxdifjuZspfNGYGFV.jpg,Plata,Acero 316L,CRAZY-FACTORY,1.2x10,10 Unidad,Unidad
Banana Plata Titanio con Bolas de 3mm,"1,2","1,2","3,6","3402,92",10,30,"17359,5",3,1,3,https://storage.googleapis.com/glide-prod.appspot.com/uploads-v2/kPILpmttsB4YMvuoabdi/pub/XoywxdifjuZspfNGYGFV.jpg,Plata,Titanio,CRAZY-FACTORY,1.2x10,3 Unidad,Unidad
Barbel Dorado Titanio con Bola 3mm,"1,2","1,2","4,8","3402,92",10,40,"17359,5",4,1,4,https://storage.googleapis.com/glide-prod.appspot.com/uploads-v2/kPILpmttsB4YMvuoabdi/pub/BBT08ExAjtWzHdVW2iGC.jpg,Dorado,Acero 316L,CRAZY-FACTORY,1.2x0.8,4 Unidad,Unidad
Barbel Dorado Titanio con Bola 3mm,"1,2","1,2","1,2","3402,92",10,10,"17359,5",1,1,1,https://storage.googleapis.com/glide-prod.appspot.com/uploads-v2/kPILpmttsB4YMvuoabdi/pub/BBT08ExAjtWzHdVW2iGC.jpg,Dorado,Acero 316L,CRAZY-FACTORY,1.2x12,1 Unidad,Unidad
Nabel Plata  Bioflex,"4,5","4,5","22,5","3402,92",15,75,"17359,5",5,1,5,https://storage.googleapis.com/glide-prod.appspot.com/uploads-v2/kPILpmttsB4YMvuoabdi/pub/aIAxNBLkHI4Bwj1zaNgm.jpg,Plata,PTFE,CRAZY-FACTORY,1.6x10,5 Unidad,Unidad
Nabel Plata Color,"0,6","0,6","1,8","3402,92",12,36,"17359,5",3,1,3,https://storage.googleapis.com/glide-prod.appspot.com/uploads-v2/kPILpmttsB4YMvuoabdi/pub/BYKBbo5C3UkSmwv6EP05.jpg,Acrilico de colores,Acero 316L,CRAZY-FACTORY,1.6x10,3 Unidad,Unidad
Nabel Plata Brillo,"4,5","4,5","22,5","3402,92",12,60,"17359,5",5,1,5,https://storage.googleapis.com/glide-prod.appspot.com/uploads-v2/kPILpmttsB4YMvuoabdi/pub/OOVQB5QpyiWTrZmSGYDn.jpg,Plata,Acero 316L,CRAZY-FACTORY,1.6x0.6,5 Unidad,Unidad
Nabel Plata Brillo Doble,"4,5","4,5","22,5","3402,92",12,60,"17359,5",5,1,5,https://storage.googleapis.com/glide-prod.appspot.com/uploads-v2/kPILpmttsB4YMvuoabdi/pub/Qdt1CeTQGcSKN94HqnRa.jpg,Plata,Acero 316L,CRAZY-FACTORY,1.6x0.6,5 Unidad,Unidad
Nabel Plata Brillo Color,"4,5","4,5",9,"3402,92",12,24,"17359,5",2,1,2,https://storage.googleapis.com/glide-prod.appspot.com/uploads-v2/kPILpmttsB4YMvuoabdi/pub/SrC9dyJ85DCLSI2l0FTz.jpg,Plata,Acero 316L,CRAZY-FACTORY,1.6x10,2 Unidad,Unidad
Nabel Dorado Brillo,"4,6","4,6","13,8","3402,92",12,36,"17359,5",3,1,3,https://storage.googleapis.com/glide-prod.appspot.com/uploads-v2/kPILpmttsB4YMvuoabdi/pub/81DwDyqfFTt8f1gHWPdV.jpg,Dorado,Acero 316L,CRAZY-FACTORY,1.6x0.8,3 Unidad,Unidad
Nabel Dorado Brillo Doble,"5,2","5,2","5,2","3402,92",12,12,"17359,5",1,1,1,https://storage.googleapis.com/glide-prod.appspot.com/uploads-v2/kPILpmttsB4YMvuoabdi/pub/toimebwn9Q6LghDO21vd.jpg,Dorado,Acero 316L,CRAZY-FACTORY,1.6x0.8,1 Unidad,Unidad
Nabel Dorado,"4,7","4,7","4,7","3402,92",12,12,"17359,5",1,1,1,https://storage.googleapis.com/glide-prod.appspot.com/uploads-v2/kPILpmttsB4YMvuoabdi/pub/MjMJPaCz4VLttwmuO8yR.jpg,Dorado,Acero 316L,CRAZY-FACTORY,1.6x10,1 Unidad,Unidad
Nabel Dorado Brillo Doble Pequeño,"5,2","5,2","5,2","3402,92",12,12,"17359,5",1,1,1,https://storage.googleapis.com/glide-prod.appspot.com/uploads-v2/kPILpmttsB4YMvuoabdi/pub/toimebwn9Q6LghDO21vd.jpg,Dorado,Acero 316L,CRAZY-FACTORY,1.6x0.8,1 Unidad,Unidad
Nabel Dorado Brillo Doble Pequeño,"5,2","5,2","5,2","3402,92",12,12,"17359,5",1,1,1,https://storage.googleapis.com/glide-prod.appspot.com/uploads-v2/kPILpmttsB4YMvuoabdi/pub/toimebwn9Q6LghDO21vd.jpg,Dorado,Acero 316L,CRAZY-FACTORY,1.6x0.6,1 Unidad,Unidad
Nabel Negro,"4,7","4,7",47,"3402,92",12,120,"17359,5",10,1,10,https://storage.googleapis.com/glide-prod.appspot.com/uploads-v2/kPILpmttsB4YMvuoabdi/pub/iLqdIBAv8YOcaBffkzJM.jpg,Negro,Acero 316L,CRAZY-FACTORY,1.6x10,10 Unidad,Unidad
Nosetril Plata Brillo,"1,2","1,2","14,4","3402,92",10,120,"17359,5",12,1,12,https://storage.googleapis.com/glide-prod.appspot.com/uploads-v2/kPILpmttsB4YMvuoabdi/pub/WR6BuyhQ5j3FXkMMwFtU.jpg,Plata,Acero 316L,CRAZY-FACTORY,1x0.7,12 Unidad,Unidad
Nosetril D-Ring Plata,"2,5","2,5",10,"3402,92",10,40,"17359,5",4,1,4,https://storage.googleapis.com/glide-prod.appspot.com/uploads-v2/kPILpmttsB4YMvuoabdi/pub/86EGHRjmTFXhuvmwiFgf.jpg,Plata,Acero 316L,AKIRA,1x0.7,4 Unidad,Unidad
Aro Flexible Pareja,"2,8","2,8","5,6","3402,92",15,30,"17359,5",2,1,2,https://alkimia.es/1602-home_default/segment-18-piezas-esterilizadas.jpg,Dorado,Acero 316L,CRAZY-FACTORY,0.8x0.8,2 Unidad,Unidad
Aro Nariz Abierto,"3,9","3,9","7,8","3402,92",10,20,"17359,5",2,1,2,https://storage.googleapis.com/glide-prod.appspot.com/uploads-v2/kPILpmttsB4YMvuoabdi/pub/B21hPZ5wUDErs0RtyVd6.jpg,Dorado,Acero 316L,CRAZY-FACTORY,0.8x0.8,2 Unidad,Unidad
Aro Nariz Segmento con Bola,"3,6","3,6","7,2","3402,92",10,20,"17359,5",2,1,2,https://storage.googleapis.com/glide-prod.appspot.com/uploads-v2/kPILpmttsB4YMvuoabdi/pub/Dzr4orD0B2BhlMwCD0z4.jpg,Dorado,Acero 316L,CRAZY-FACTORY,0.8x0.8,2 Unidad,Unidad
Aro Nariz Segmento,"4,5","4,5",9,"3402,92",10,20,"17359,5",2,1,2,https://storage.googleapis.com/glide-prod.appspot.com/uploads-v2/kPILpmttsB4YMvuoabdi/pub/if6O6OUluKxzO12JGxCZ.jpg,Dorado,Acero 316L,CRAZY-FACTORY,0.8x0.8,2 Unidad,Unidad
Nosetril-L Dorado Brillo 4 tamaños,3,3,12,"3402,92",10,40,"17359,5",4,1,4,https://storage.googleapis.com/glide-prod.appspot.com/uploads-v2/kPILpmttsB4YMvuoabdi/pub/BsOeH5IYMiRIorAwnVNc.jpg,Dorado,Acero 316L,CRAZY-FACTORY,0.8x0.7,4 Unidad,Unidad
Nosetril Dorado Brillo 4 tamaños,3,3,12,"3402,92",10,40,"17359,5",4,1,4,https://storage.googleapis.com/glide-prod.appspot.com/uploads-v2/kPILpmttsB4YMvuoabdi/pub/n8L3DTVNnzRyihcnKziX.jpg,Dorado,Acero 316L,CRAZY-FACTORY,0.8x0.7,4 Unidad,Unidad
Nosetril Recto Dorado Brillo 2mm,3,3,12,"3402,92",10,40,"17359,5",4,1,4,https://storage.googleapis.com/glide-prod.appspot.com/uploads-v2/kPILpmttsB4YMvuoabdi/pub/zML5lLdmt4XcaDkYVEsb.jpg,Dorado,Acero 316L,CRAZY-FACTORY,0.8x0.7,4 Unidad,Unidad
"Nosetril Recto Dorado Brillo 2,5mm",3,3,12,"3402,92",10,40,"17359,5",4,1,4,https://storage.googleapis.com/glide-prod.appspot.com/uploads-v2/kPILpmttsB4YMvuoabdi/pub/lS8QgC3n33CKHwJvrXYc.jpg,Dorado,Acero 316L,CRAZY-FACTORY,0.8x0.7,4 Unidad,Unidad
Nosetril Recto Dorado Brillo 4 Tamaños,3,3,12,"3402,92",10,40,"17359,5",4,1,4,https://storage.googleapis.com/glide-prod.appspot.com/uploads-v2/kPILpmttsB4YMvuoabdi/pub/RbrzFTvXO3WiqJMYglQi.jpg,Dorado,Acero 316L,CRAZY-FACTORY,0.8x0.7,4 Unidad,Unidad
Nosetril-L Dorado Brillo 2mm,3,3,12,"3402,92",10,40,"17359,5",4,1,4,https://storage.googleapis.com/glide-prod.appspot.com/uploads-v2/kPILpmttsB4YMvuoabdi/pub/DHrNXPTgKDD2eWJiEvqz.jpeg,Dorado,Acero 316L,CRAZY-FACTORY,0.8x0.7,4 Unidad,Unidad
Barbel Dorado Bola 3mm,"4,7","4,7","23,5","3402,92",10,50,"17359,5",5,1,5,https://storage.googleapis.com/glide-prod.appspot.com/uploads-v2/kPILpmttsB4YMvuoabdi/pub/ee1L7mWwCrqjgkLg54H3.jpg,Dorado,Acero 316L,CRAZY-FACTORY,1.2x0.6,5 Unidad,Unidad
Barbel Dorado Bola 3mm,"4,7","4,7","23,5","3402,92",10,50,"17359,5",5,1,5,https://storage.googleapis.com/glide-prod.appspot.com/uploads-v2/kPILpmttsB4YMvuoabdi/pub/ee1L7mWwCrqjgkLg54H3.jpg,Dorado,Acero 316L,CRAZY-FACTORY,1.2x0.8,5 Unidad,Unidad
Barbel Dorado Bola 3mm,"4,7","4,7","23,5","3402,92",10,50,"17359,5",5,1,5,https://storage.googleapis.com/glide-prod.appspot.com/uploads-v2/kPILpmttsB4YMvuoabdi/pub/ee1L7mWwCrqjgkLg54H3.jpg,Dorado,Acero 316L,CRAZY-FACTORY,1.2x10,5 Unidad,Unidad
Barbel Dorado Bola 5mm,"4,7","4,7","23,5","3402,92",10,50,"17359,5",5,1,5,https://storage.googleapis.com/glide-prod.appspot.com/uploads-v2/kPILpmttsB4YMvuoabdi/pub/ee1L7mWwCrqjgkLg54H3.jpg,Dorado,Acero 316L,CRAZY-FACTORY,1.6x10,5 Unidad,Unidad
Barbel Dorado Bola 5mm,"4,7","4,7","23,5","3402,92",10,50,"17359,5",5,1,5,https://storage.googleapis.com/glide-prod.appspot.com/uploads-v2/kPILpmttsB4YMvuoabdi/pub/ee1L7mWwCrqjgkLg54H3.jpg,Dorado,Acero 316L,CRAZY-FACTORY,1.6x12,5 Unidad,Unidad
Barbel Dorado Bola 5mm,"4,7","4,7","23,5","3402,92",10,50,"17359,5",5,1,5,https://storage.googleapis.com/glide-prod.appspot.com/uploads-v2/kPILpmttsB4YMvuoabdi/pub/ee1L7mWwCrqjgkLg54H3.jpg,Dorado,Acero 316L,CRAZY-FACTORY,1.6x14,5 Unidad,Unidad
Nabel Clicker para el ombligo,"7,1","7,1","7,1","3402,92",20,20,"17359,5",1,1,1,https://storage.googleapis.com/glide-prod.appspot.com/uploads-v2/kPILpmttsB4YMvuoabdi/pub/nQe61OqPG8UvS8XLJLF4.jpg,Plata,Acero 316L,CRAZY-FACTORY,1.6x10,1 Unidad,Unidad
Nabel Plata Flor con Brillos,"7,8","7,8","7,8","3402,92",20,20,"17359,5",1,1,1,https://storage.googleapis.com/glide-prod.appspot.com/uploads-v2/kPILpmttsB4YMvuoabdi/pub/FWivllA4mOhGpnVmMyVL.jpg,Plata,Acero 316L,CRAZY-FACTORY,1.6x0.8,1 Unidad,Unidad
Nabel Plata Corazon con Brillos,6,6,12,"3402,92",20,40,"17359,5",2,1,2,https://storage.googleapis.com/glide-prod.appspot.com/uploads-v2/kPILpmttsB4YMvuoabdi/pub/0FprD7nSCuBvuNa1an7h.jpg,Plata,Acero 316L,CRAZY-FACTORY,1.6x0.8,2 Unidad,Unidad
Nabel Dorado Angelito,6,6,6,"3402,92",20,20,"17359,5",1,1,1,https://storage.googleapis.com/glide-prod.appspot.com/uploads-v2/kPILpmttsB4YMvuoabdi/pub/fbqwlI04eOtsHzMTeHPh.jpg,Dorado,Acero 316L,CRAZY-FACTORY,1.6x0.8,1 Unidad,Unidad
Nabel Dorado Con Brillos Negros,6,6,6,"3402,92",20,20,"17359,5",1,1,1,https://storage.googleapis.com/glide-prod.appspot.com/uploads-v2/kPILpmttsB4YMvuoabdi/pub/iiwdmc8HZ5c7vOBx4FLS.jpg,Dorado,Acero 316L,CRAZY-FACTORY,1.6x10,1 Unidad,Unidad
Nabel Dorado Con Brillos Negros,6,6,6,"3402,92",20,20,"17359,5",1,1,1,https://storage.googleapis.com/glide-prod.appspot.com/uploads-v2/kPILpmttsB4YMvuoabdi/pub/Hr5ty6eMR6lXE9NhY50y.jpg,Dorado,Acero 316L,CRAZY-FACTORY,1.6x0.8,1 Unidad,Unidad
Nabel Plata Adorno Triple Invertido,"3,4","3,4","3,4","3402,92",10,10,"17359,5",1,1,1,https://storage.googleapis.com/glide-prod.appspot.com/uploads-v2/kPILpmttsB4YMvuoabdi/pub/sTuNmfahtc4wMh4kQTXg.jpg,Plata,Acero 316L,CRAZY-FACTORY,1.6x0.8,1 Unidad,Unidad
Aro Clicker Dorado Brillantes Azules,"9,3","9,3","9,3","3402,92",25,25,"17359,5",1,1,1,https://storage.googleapis.com/glide-prod.appspot.com/uploads-v2/kPILpmttsB4YMvuoabdi/pub/NsfcBpADLkCNyasXgzwo.jpg,Dorado,Acero 316L,CRAZY-FACTORY,1.6x0.6,1 Unidad,Unidad
Nabel Dorado Clicker,13,13,13,"3402,92",25,25,"17359,5",1,1,1,https://storage.googleapis.com/glide-prod.appspot.com/uploads-v2/kPILpmttsB4YMvuoabdi/pub/JGrmVwrPsqKDTmckos4V.jpg,Dorado,Titanio,BODY-MOD,1.6x0.8,1 Unidad,Unidad
Nabel Plata Clicker,13,13,13,"3402,92",25,25,"17359,5",1,1,1,https://storage.googleapis.com/glide-prod.appspot.com/uploads-v2/kPILpmttsB4YMvuoabdi/pub/lzZHtvXGEMiXQw0shy0N.jpg,Plata,Titanio,BODY-MOD,1.6x0.8,1 Unidad,Unidad
Surface 90º,"2,9","2,9","5,8","3402,92",5,10,"17359,5",2,1,2,https://storage.googleapis.com/glide-prod.appspot.com/uploads-v2/kPILpmttsB4YMvuoabdi/pub/6YwfDLdIA91cVusLRHB5.jpg,Plata,Titanio,CRAZY-FACTORY,1.2x10,2 Unidad,Unidad
Surface 45º,"2,9","2,9","5,8","3402,92",5,10,"17359,5",2,1,2,https://storage.googleapis.com/glide-prod.appspot.com/uploads-v2/kPILpmttsB4YMvuoabdi/pub/6YwfDLdIA91cVusLRHB5.jpg,Plata,Titanio,CRAZY-FACTORY,1.2x12,2 Unidad,Unidad
Barbell Dorado con brillantes PEZON,"6,3","6,3","18,9","3402,92",20,60,"17359,5",3,1,3,https://storage.googleapis.com/glide-prod.appspot.com/uploads-v2/kPILpmttsB4YMvuoabdi/pub/pFDV2K80saCz6fVKfeud.jpg,Dorado,Acero 316L,CRAZY-FACTORY,1.6x12,3 Unidad,Unidad
Barbell Dorado con brillantes PEZON,"6,3","6,3","18,9","3402,92",20,60,"17359,5",3,1,3,https://storage.googleapis.com/glide-prod.appspot.com/uploads-v2/kPILpmttsB4YMvuoabdi/pub/9kno5gRusEap0tv2XZnE.jpg,Dorado,Acero 316L,CRAZY-FACTORY,1.6x14,3 Unidad,Unidad
Barbell Dorado con brillantes Laterales PEZON,"8,3","8,3","24,9","3402,92",20,60,"17359,5",3,1,3,https://storage.googleapis.com/glide-prod.appspot.com/uploads-v2/kPILpmttsB4YMvuoabdi/pub/9kno5gRusEap0tv2XZnE.jpg,Dorado,Acero 316L,CRAZY-FACTORY,1.6x12,3 Unidad,Unidad
Barbell Plata Circulo PEZON,"4,3","4,3","4,3","3402,92",10,10,"17359,5",1,1,1,https://storage.googleapis.com/glide-prod.appspot.com/uploads-v2/kPILpmttsB4YMvuoabdi/pub/At02mwYiBDS3zqDQA6II.jpg,Plata,Acero 316L,CRAZY-FACTORY,1.6x14,1 Unidad,Unidad
Barbel Negro Titanio Bola 4mm,"5,2","5,2","5,2","3402,92",15,15,"17359,5",1,1,1,https://storage.googleapis.com/glide-prod.appspot.com/uploads-v2/kPILpmttsB4YMvuoabdi/pub/Xa1YxuuWd39NMbinqZSk.jpg,Negro,Titanio,CRAZY-FACTORY,1.6x0.8,1 Unidad,Unidad
Barbel Negro Titanio Bola 3mm,"5,2","5,2","5,2","3402,92",15,15,"17359,5",1,1,1,https://storage.googleapis.com/glide-prod.appspot.com/uploads-v2/kPILpmttsB4YMvuoabdi/pub/Xa1YxuuWd39NMbinqZSk.jpg,Negro,Titanio,CRAZY-FACTORY,1.2x12,1 Unidad,Unidad
Barbel Negro Titanio Bola 5mm,"5,2","5,2",26,"3402,92",15,75,"17359,5",5,1,5,https://storage.googleapis.com/glide-prod.appspot.com/uploads-v2/kPILpmttsB4YMvuoabdi/pub/Xa1YxuuWd39NMbinqZSk.jpg,Negro,Titanio,CRAZY-FACTORY,1.6x10,5 Unidad,Unidad
Barbel Negro Titanio Bola 5mm,"5,2","5,2",26,"3402,92",15,75,"17359,5",5,1,5,https://storage.googleapis.com/glide-prod.appspot.com/uploads-v2/kPILpmttsB4YMvuoabdi/pub/Xa1YxuuWd39NMbinqZSk.jpg,Negro,Titanio,CRAZY-FACTORY,1.6x14,5 Unidad,Unidad
Barbel Negro Titanio Bola 5mm,"5,2","5,2",26,"3402,92",15,75,"17359,5",5,1,5,https://storage.googleapis.com/glide-prod.appspot.com/uploads-v2/kPILpmttsB4YMvuoabdi/pub/Xa1YxuuWd39NMbinqZSk.jpg,Negro,Titanio,CRAZY-FACTORY,1.6x12,5 Unidad,Unidad
Barbel Rosa Titanio Bola 5mm,"5,2","5,2",26,"3402,92",15,75,"17359,5",5,1,5,https://storage.googleapis.com/glide-prod.appspot.com/uploads-v2/kPILpmttsB4YMvuoabdi/pub/L1phrffHHBMTb73RPuNC.jpg,Anodizado de colores,Titanio,CRAZY-FACTORY,1.6x32,5 Unidad,Unidad
Barbel Rosa Titanio Bola 5mm,"5,2","5,2",26,"3402,92",15,75,"17359,5",5,1,5,https://storage.googleapis.com/glide-prod.appspot.com/uploads-v2/kPILpmttsB4YMvuoabdi/pub/L1phrffHHBMTb73RPuNC.jpg,Anodizado de colores,Titanio,CRAZY-FACTORY,1.6x35,5 Unidad,Unidad
Barbel Dorado Abeja Bola 5mm,"9,3","9,3","9,3","3402,92",20,20,"17359,5",1,1,1,https://storage.googleapis.com/glide-prod.appspot.com/uploads-v2/kPILpmttsB4YMvuoabdi/pub/AlOJhVUHP25EnoioII4W.jpg,Dorado,Acero 316L,CRAZY-FACTORY,1.6x35,1 Unidad,Unidad
Barbel Plata Brillantes Bola 5mm,"8,8","8,8","17,6","3402,92",20,40,"17359,5",2,1,2,https://storage.googleapis.com/glide-prod.appspot.com/uploads-v2/kPILpmttsB4YMvuoabdi/pub/5mXKh0HKs00Qgzqi8d0y.jpg,Plata,Acero 316L,CRAZY-FACTORY,1.6x35,2 Unidad,Unidad
Barbel Plata Mariposa Bola 5mm,"4,8","4,8","4,8","3402,92",20,20,"17359,5",1,1,1,https://storage.googleapis.com/glide-prod.appspot.com/uploads-v2/kPILpmttsB4YMvuoabdi/pub/ZNz3hsaZzXjGKYu1A9Ta.jpg,Plata,Acero 316L,CRAZY-FACTORY,1.6x35,1 Unidad,Unidad
Barbel Plata Serpiente Bola 5mm,"7,8","7,8","7,8","3402,92",20,20,"17359,5",1,1,1,https://storage.googleapis.com/glide-prod.appspot.com/uploads-v2/kPILpmttsB4YMvuoabdi/pub/PNiZnWQhwMHI14lQugVw.jpg,Plata,Acero 316L,CRAZY-FACTORY,1.6x35,1 Unidad,Unidad
Barbel industrial Plata Calavera Bola 5mm,"1,8","1,8","1,8","3402,92",20,20,"17359,5",1,1,1,https://storage.googleapis.com/glide-prod.appspot.com/uploads-v2/kPILpmttsB4YMvuoabdi/pub/VjW3scgJAj7jmeDN7XWh.jpg,Plata,Acero 316L,CRAZY-FACTORY,1.6x35,1 Unidad,Unidad
Labret Plata Disco Negro Tamaño Multiple,"2,6","2,6","10,4","3402,92",10,40,"17359,5",4,1,4,https://storage.googleapis.com/glide-prod.appspot.com/uploads-v2/kPILpmttsB4YMvuoabdi/pub/42mIHLHqFx4T5jJ0hpWH.jpeg,Plata,Acero 316L,CRAZY-FACTORY,1.2x0.6,4 Unidad,Unidad
Labret Dorado Adorno Negro Triangular,"3,3","3,3","3,3","3402,92",10,10,"17359,5",1,1,1,https://storage.googleapis.com/glide-prod.appspot.com/uploads-v2/kPILpmttsB4YMvuoabdi/pub/3KAAvlrKTtL6pVpB5oiG.jpg,Dorado,Acero 316L,CRAZY-FACTORY,1.2x0.6,1 Unidad,Unidad
Labret Dorado Hojas verdes,"5,3","5,3","5,3","3402,92",20,20,"17359,5",1,1,1,https://storage.googleapis.com/glide-prod.appspot.com/uploads-v2/kPILpmttsB4YMvuoabdi/pub/8C2gA4jJB3DbCXoSSH3b.jpg,Dorado,Acero 316L,CRAZY-FACTORY,1.2x0.6,1 Unidad,Unidad
Pareja Pendiente Cruz Dorado,8,8,8,"3402,92",10,10,"17359,5",1,1,1,https://storage.googleapis.com/glide-prod.appspot.com/uploads-v2/kPILpmttsB4YMvuoabdi/pub/FLwSSE51tJRC6H9bzobo.jpg,Dorado,Acero 316L,AMAZON,1x10,1 Unidad,Unidad
Pareja Pendiente Cruz Plata,8,8,8,"3402,92",10,10,"17359,5",1,1,1,https://storage.googleapis.com/glide-prod.appspot.com/uploads-v2/kPILpmttsB4YMvuoabdi/pub/K3tqVcYpoXcrb50pqutm.jpg,Plata,Acero 316L,AMAZON,1x10,1 Unidad,Unidad
Pareja Pendiente Cruz Negro,8,8,8,"3402,92",10,10,"17359,5",1,1,1,https://storage.googleapis.com/glide-prod.appspot.com/uploads-v2/kPILpmttsB4YMvuoabdi/pub/iz7S6Nq2QgeBdesX5Ruw.jpg,Negro,Acero 316L,AMAZON,1x10,1 Unidad,Unidad
Labret Dorado Adorno Negro,"3,6","3,6","3,6","3402,92",15,15,"17359,5",1,1,1,https://storage.googleapis.com/glide-prod.appspot.com/uploads-v2/kPILpmttsB4YMvuoabdi/pub/nnLhVoil9VYjvifwgM16.jpg,Dorado,Acero 316L,CRAZY-FACTORY,1.2x0.6,1 Unidad,Unidad
Labret Plata Flor Brillantes,"7,7","7,7","15,4","3402,92",25,50,"17359,5",2,1,2,https://storage.googleapis.com/glide-prod.appspot.com/uploads-v2/kPILpmttsB4YMvuoabdi/pub/wDoTZpyMFQQ8cmlLuByM.jpg,Plata,Acero 316L,CRAZY-FACTORY,1.2x0.6,2 Unidad,Unidad
Labret Plata Flor Brillantes,"7,7","7,7","7,7","3402,92",25,25,"17359,5",1,1,1,https://storage.googleapis.com/glide-prod.appspot.com/uploads-v2/kPILpmttsB4YMvuoabdi/pub/wDoTZpyMFQQ8cmlLuByM.jpg,Plata,Acero 316L,CRAZY-FACTORY,1.2x0.8,1 Unidad,Unidad
Labret Plata Rombo Brillante,"3,9","3,9","7,8","3402,92",20,40,"17359,5",2,1,2,https://storage.googleapis.com/glide-prod.appspot.com/uploads-v2/kPILpmttsB4YMvuoabdi/pub/9jhbOUaToOIGQvOTO39n.jpg,Plata,Acero 316L,CRAZY-FACTORY,1.2x0.8,2 Unidad,Unidad
Labret Negro Flor Brillante Verde,"5,2","5,2","5,2","3402,92",20,20,"17359,5",1,1,1,https://storage.googleapis.com/glide-prod.appspot.com/uploads-v2/kPILpmttsB4YMvuoabdi/pub/X9K13HBRJ2BCfUWN9IY9.jpg,Negro,Acero 316L,CRAZY-FACTORY,1.2x10,1 Unidad,Unidad
Labret Negro Rayo,"5,3","5,3","5,3","3402,92",15,15,"17359,5",1,1,1,https://storage.googleapis.com/glide-prod.appspot.com/uploads-v2/kPILpmttsB4YMvuoabdi/pub/8rHuhCMzlozFCiqk9X7k.jpg,Negro,Acero 316L,CRAZY-FACTORY,1.2x10,1 Unidad,Unidad
Labret Plata Colmena,"5,6","5,6","5,6","3402,92",15,15,"17359,5",1,1,1,https://storage.googleapis.com/glide-prod.appspot.com/uploads-v2/kPILpmttsB4YMvuoabdi/pub/0yehenTUu0pYOz8GKVXC.jpg,Plata,Acero 316L,CRAZY-FACTORY,1.2x0.8,1 Unidad,Unidad
Labret Plata Estrella,"3,6","3,6","3,6","3402,92",10,10,"17359,5",1,1,1,https://storage.googleapis.com/glide-prod.appspot.com/uploads-v2/kPILpmttsB4YMvuoabdi/pub/8U3GJ55o6gZdhGyNgdAM.jpg,Plata,Acero 316L,CRAZY-FACTORY,1.2x0.6,1 Unidad,Unidad
Labret Plata Gota Brillante Verde,"7,1","7,1","14,2","3402,92",15,30,"17359,5",2,1,2,https://storage.googleapis.com/glide-prod.appspot.com/uploads-v2/kPILpmttsB4YMvuoabdi/pub/9TNnSIkBdRPKWtKxfAZu.jpg,Plata,Acero 316L,CRAZY-FACTORY,1.2x0.8,2 Unidad,Unidad
Labret Negro Corazon,"4,6","4,6","4,6","3402,92",10,10,"17359,5",1,1,1,https://storage.googleapis.com/glide-prod.appspot.com/uploads-v2/kPILpmttsB4YMvuoabdi/pub/l5oitPTIz43EFROPNBIY.jpg,Negro,Acero 316L,CRAZY-FACTORY,1.2x0.8,1 Unidad,Unidad
Labret Negro Corazon,"4,6","4,6","4,6","3402,92",10,10,"17359,5",1,1,1,https://storage.googleapis.com/glide-prod.appspot.com/uploads-v2/kPILpmttsB4YMvuoabdi/pub/l5oitPTIz43EFROPNBIY.jpg,Negro,Acero 316L,CRAZY-FACTORY,1.2x10,1 Unidad,Unidad
Labret Negro Rueda,"7,1","7,1","7,1","3402,92",15,15,"17359,5",1,1,1,https://storage.googleapis.com/glide-prod.appspot.com/uploads-v2/kPILpmttsB4YMvuoabdi/pub/nKHUKYwPXZchSwP6ehBU.jpg,Negro,Acero 316L,CRAZY-FACTORY,1.2x0.8,1 Unidad,Unidad
Pendiente Rapero Brillante 6mm,"3,4","3,4","3,4","3402,92",10,10,"17359,5",1,1,1,https://storage.googleapis.com/glide-prod.appspot.com/uploads-v2/kPILpmttsB4YMvuoabdi/pub/Y1tdH63UtWfFfz1a7XJy.jpg,Plata,Acero 316L,CRAZY-FACTORY,1.2x10,1 Unidad,Unidad
Pendiente Rapero Brillante 5mm,"3,4","3,4","3,4","3402,92",10,10,"17359,5",1,1,1,https://storage.googleapis.com/glide-prod.appspot.com/uploads-v2/kPILpmttsB4YMvuoabdi/pub/Y1tdH63UtWfFfz1a7XJy.jpg,Plata,Acero 316L,CRAZY-FACTORY,1.2x10,1 Unidad,Unidad
Pendiente Rapero Brillante 4mm,"3,4","3,4","3,4","3402,92",10,10,"17359,5",1,1,1,https://storage.googleapis.com/glide-prod.appspot.com/uploads-v2/kPILpmttsB4YMvuoabdi/pub/Y1tdH63UtWfFfz1a7XJy.jpg,Plata,Acero 316L,CRAZY-FACTORY,1.2x10,1 Unidad,Unidad
Pendiente Rapero Brillante 8mm,"3,4","3,4","3,4","3402,92",10,10,"17359,5",1,1,1,https://storage.googleapis.com/glide-prod.appspot.com/uploads-v2/kPILpmttsB4YMvuoabdi/pub/Y1tdH63UtWfFfz1a7XJy.jpg,Plata,Acero 316L,CRAZY-FACTORY,1.2x10,1 Unidad,Unidad
Pendiente Rapero Brillante 3mm,"3,4","3,4","3,4","3402,92",10,10,"17359,5",1,1,1,https://storage.googleapis.com/glide-prod.appspot.com/uploads-v2/kPILpmttsB4YMvuoabdi/pub/Y1tdH63UtWfFfz1a7XJy.jpg,Plata,Acero 316L,CRAZY-FACTORY,1.2x10,1 Unidad,Unidad
Labret Plata Flor Redonda Brillos,"6,9","6,9","13,8","3402,92",20,40,"17359,5",2,1,2,https://storage.googleapis.com/glide-prod.appspot.com/uploads-v2/kPILpmttsB4YMvuoabdi/pub/PoRPfKi0MrBai3mihsfZ.jpg,Plata,Acero 316L,CRAZY-FACTORY,1.2x0.8,2 Unidad,Unidad
Pendientes Perlas Bola 5mm,"1,7","1,7","6,8","3402,92",5,20,"17359,5",4,1,4,https://storage.googleapis.com/glide-prod.appspot.com/uploads-v2/kPILpmttsB4YMvuoabdi/pub/gbVK6MIBrEijad1KTYtd.jpg,Plata,Acero 316L,CRAZY-FACTORY,1.2x0.8,4 Unidad,Unidad
Túnel Plata Single Flared,2,2,4,"3402,92",10,20,"17359,5",2,1,2,https://storage.googleapis.com/glide-prod.appspot.com/uploads-v2/kPILpmttsB4YMvuoabdi/pub/ssGvcpda5AE237QWmAef.jpg,Plata,Acero 316L,CRAZY-FACTORY,12,2 Unidad,Unidad
Nabel Plata Mariposa Doble Brillante,9,9,9,"3402,92",20,20,"17359,5",1,1,1,https://storage.googleapis.com/glide-prod.appspot.com/uploads-v2/kPILpmttsB4YMvuoabdi/pub/m6fOpp4NuKP2KWXlWXyn.jpg,Plata,Acero 316L,CRAZY-FACTORY,1.6x0.8,1 Unidad,Unidad
Nabel Plata Mariposa Brillante Azul,6,6,6,"3402,92",20,20,"17359,5",1,1,1,https://storage.googleapis.com/glide-prod.appspot.com/uploads-v2/kPILpmttsB4YMvuoabdi/pub/a0pq50EsnL7EvfMRcSh5.jpg,Plata,Acero 316L,CRAZY-FACTORY,1.6x0.8,1 Unidad,Unidad
Barbell Plata con brillantes PEZON,"6,3","6,3","18,9","3402,92",20,60,"17359,5",3,1,3,https://storage.googleapis.com/glide-prod.appspot.com/uploads-v2/kPILpmttsB4YMvuoabdi/pub/de76vw6Fsa2kdzpSCVpg.jpg,Plata,Acero 316L,CRAZY-FACTORY,1.6x12,3 Unidad,Unidad
Aro Clicker Negro Brillantes Negros,"8,6","8,6","8,6","3402,92",20,20,"17359,5",1,1,1,https://storage.googleapis.com/glide-prod.appspot.com/uploads-v2/kPILpmttsB4YMvuoabdi/pub/epxibjx5o6jcy9PU1JNn.jpg,Negro,Acero 316L,CRAZY-FACTORY,1.2x0.8,1 Unidad,Unidad
Aro Clicker Negro,"5,2","5,2","5,2","3402,92",20,20,"17359,5",1,1,1,https://storage.googleapis.com/glide-prod.appspot.com/uploads-v2/kPILpmttsB4YMvuoabdi/pub/QeMGltY8lEKoT4xn0fYK.jpg,Negro,Acero 316L,CRAZY-FACTORY,1.2x10,1 Unidad,Unidad
Aro Clicker Plata Etnico Brillantes,"5,6","5,6","5,6","3402,92",20,20,"17359,5",1,1,1,https://storage.googleapis.com/glide-prod.appspot.com/uploads-v2/kPILpmttsB4YMvuoabdi/pub/10Jlp5trVwnLN0ZWOjZC.jpg,Plata,Acero 316L,CRAZY-FACTORY,1.2x0.8,1 Unidad,Unidad
Aro Clicker Plata Brillantes,"8,3","8,3","8,3","3402,92",20,20,"17359,5",1,1,1,https://storage.googleapis.com/glide-prod.appspot.com/uploads-v2/kPILpmttsB4YMvuoabdi/pub/3xkg8DTZwdN6vhtqVPjJ.jpg,Plata,Acero 316L,CRAZY-FACTORY,1.2x10,1 Unidad,Unidad
Septum Falso Plata,"8,8","8,8","17,6","3402,92",15,30,"17359,5",2,1,2,https://storage.googleapis.com/glide-prod.appspot.com/uploads-v2/kPILpmttsB4YMvuoabdi/pub/ReucO0v8Om9ySVqykiFa.jpg,Plata,Acero 316L,CRAZY-FACTORY,1.2x10,2 Unidad,Unidad
Circular Barbel Paata Grande,"1,8","1,8","1,8","3402,92",12,12,"17359,5",1,1,1,https://storage.googleapis.com/glide-prod.appspot.com/uploads-v2/kPILpmttsB4YMvuoabdi/pub/P13lhjNWoLPSCkABClaK.jpg,Plata,Acero 316L,CRAZY-FACTORY,4,1 Unidad,Unidad
Ball Closure Plata Grande,"1,8","1,8","1,8","3402,92",10,10,"17359,5",1,1,1,https://storage.googleapis.com/glide-prod.appspot.com/uploads-v2/kPILpmttsB4YMvuoabdi/pub/oBdqxcTENY0Ah0vWjIkc.jpg,Plata,Acero 316L,CRAZY-FACTORY,3,1 Unidad,Unidad
Pendiente Dorado Ear Cuff Con Hoja,"10,9","10,9","10,9","3402,92",20,20,"17359,5",1,1,1,https://storage.googleapis.com/glide-prod.appspot.com/uploads-v2/kPILpmttsB4YMvuoabdi/pub/9ZyvA2SW27g0LLDIOn6S.jpg,Dorado,Acero 316L,CRAZY-FACTORY,,1 Unidad,Unidad